Interval,phoneme,Intensity,Pitch,Start Time,End Time
6,ER1,74.12895789765626,126.11731180286043,1.1756,1.2556
10,UH1,74.00077421077587,89.4668351803647,1.4656,1.5756
12,AH1,68.1632334723879,108.4698233765925,1.6756,1.7456
15,EH1,74.05602304588396,100.77318099990579,1.9056,1.9856
20,IH1,75.79116386838975,101.74423414066236,4.0456,4.1356
23,EY1,72.7994746762273,102.43578331791454,4.3556,4.5356
25,AE1,63.835425164002714,80.39924162663051,4.6756,4.7756
29,IH1,73.1880418264056,91.96578551372417,4.9856,5.0256
37,AE1,68.51845645186204,108.81316316370331,6.7056,6.8156
41,AW1,74.10731762077323,120.49793102610008,7.0656,7.2156
44,AH1,72.61794784957362,86.6672787742284,7.3256,7.4256
47,AE1,69.0643069734773,94.34517415950317,7.9656,8.1056
51,IH1,70.00192876381867,79.48253620750498,8.2456,8.3056
54,AY1,72.75382214243274,84.89098440531298,8.5156,8.6456
58,AE1,66.52010479992478,95.05191753649243,9.4956,9.5956
62,IH1,72.68421771395599,85.09240641090258,9.7756,9.8356
65,AO1,72.71899273521461,116.62812717710355,10.0356,10.1256
68,AH1,71.44180628429359,88.87331484850951,10.3456,10.4656
73,IY1,74.23653698252315,87.30537910745205,11.1056,11.1856
77,AO1,68.98550753464183,383.21540731019047,11.4256,11.6256
84,IH1,76.04190133753592,113.31179819820271,12.3056,12.3456
88,AE1,70.86261729646084,78.10601579868475,12.5356,12.5856
92,EH1,73.37866230197677,76.97775751496688,12.7656,12.8356
100,EY1,72.29139800016235,80.6429489329967,13.7756,13.8556
108,UW1,71.15557310933595,82.3312346867495,14.7256,14.8856
112,AE1,72.3780510545996,85.86641400283729,15.4856,15.6556
119,EH1,71.9316514138301,81.66205945392973,16.2956,16.3956
124,AH1,78.098369323367,114.79899214167196,17.6256,17.6756
126,AO1,75.97501094660598,148.0179301966156,17.7556,17.8656
130,AO1,74.76367232619447,97.97230567261622,18.0656,18.1656
136,UW1,66.47358673735421,78.20699995906548,18.9056,18.9656
140,AA1,73.4606628870145,92.89548874771219,19.1656,19.2556
144,AW1,72.29675377677778,107.23983543794212,19.4356,19.6456
146,AH1,73.02436167462085,105.11652417299723,19.7656,19.8556
149,AH1,74.50388002578924,109.93067819655131,19.9456,19.9956
151,AE1,70.21333901942879,75.41031371512042,20.1056,20.2356
154,AH1,64.99569425283812,79.64124332447875,20.3356,20.4256
158,UW1,72.22476483817984,96.21526384775659,20.6556,20.7556
168,AO1,74.46314227314186,110.37457810726616,21.6656,21.7556
171,IY1,74.92345504569471,112.94871918541007,21.8856,21.9156
173,AH1,72.38932987229151,87.3271581519023,22.7456,22.8056
180,IY1,73.83520195605976,107.81250791593531,23.1756,23.2656
188,ER1,74.38449392432253,100.40898532677927,23.8456,23.8756
193,EH1,72.43548838787972,79.4270892659933,24.1156,24.1756
197,IH1,71.1872937604515,85.104034862645,24.3856,24.4256
208,EY1,70.67562959610656,77.26693148787234,25.2756,25.3756
210,IY1,74.1506868581077,118.75943558613311,25.5456,25.6356
213,UW1,72.79888901189813,102.18041600144839,25.8456,25.9156
219,OY1,71.63455318029779,80.25539804707377,26.2656,26.3256
221,IH1,62.76447717714758,79.63957813679193,26.3956,26.4256
224,AY1,70.34709198018449,76.64346287838065,26.6256,26.7656
228,IY1,73.71497755498768,120.99554250831906,27.7156,27.7656
230,EY1,76.35912663209189,149.64393956039717,27.8856,27.9556
236,IY1,74.3536692833794,114.8518389790408,28.3256,28.4156
238,EY1,74.49874753923267,98.58279036595138,28.4856,28.6056
241,ER1,74.61648141337598,105.76094698483828,28.8456,28.9256
244,IH1,65.41901093907767,84.19596663558326,29.1256,29.2356
251,IH1,74.53503664423738,100.66336406557136,29.6656,29.7056
265,AE1,72.46962613120589,90.33298691749405,30.4956,30.5756
272,EH1,72.98342275226672,81.93182108199788,31.6956,31.7856
276,EY1,72.44730704395158,84.94010446064445,32.1856,32.2556
281,IH1,72.05788828599077,84.09341637158711,32.4656,32.5156
285,EH1,73.80031662040436,100.78667557149545,32.7256,32.7856
297,ER1,75.26339909679874,147.42488289384087,33.7256,33.7756
302,UW1,72.52230571670383,102.95108211539328,34.0856,34.1356
304,AH1,72.25046449549248,82.37261798867145,34.1856,34.2556
306,AE1,71.07666661677558,76.69571377510921,34.3356,34.4456
313,UW1,69.92093509728575,87.55147192132252,34.7856,34.9056
320,AE1,69.49153922233516,88.14389750235313,35.4556,35.6156
327,EH1,73.93625998938657,108.24718238901906,35.9956,36.0556
331,AH1,67.84489776751882,76.00054903149058,36.2956,36.4356
336,UW1,70.79293592575854,103.25104168724822,36.6956,36.9456
343,AW1,74.18608072618684,106.60806948855624,38.0356,38.1856
347,AH1,68.65225717311567,104.78526724294696,38.3256,38.4956
350,EH1,76.40132195600286,105.9602655905022,38.5856,38.6256
353,AH1,71.96053223861432,89.35078721080825,38.8256,38.9056
361,EY1,77.00363337949953,108.75103184039706,40.0756,40.1556
363,EY1,75.44053918564254,113.80365478733262,40.2756,40.3456
368,AO1,76.6401868838974,107.2625878151588,40.5956,40.7056
372,AH1,74.22161500487955,101.06888207438699,40.9456,40.9956
374,IH1,73.59252976127713,130.12140616644572,41.0756,41.1456
382,AY1,70.82634444155158,92.71402533460021,41.7556,41.9056
386,EY1,76.30854733437522,110.15948781361583,42.7556,42.8456
388,EY1,74.00562674184692,159.83726833401582,42.9756,43.0456
391,EH1,76.08993676142377,121.98534015809071,43.1856,43.2256
394,AE1,74.82722474797288,113.0599647392067,43.4256,43.5156
401,AE1,66.02053042825577,103.01822188382856,44.0756,44.1556
407,AA1,73.10699291864124,81.12897461755571,44.4256,44.5256
413,UW1,72.46087895444094,95.26915156638644,44.9656,45.0556
417,IH1,73.32029482513262,80.88859828804706,45.2456,45.2856
426,EH1,72.18771963494977,83.99415426214286,46.4656,46.5056
429,AH1,74.49859545750758,106.73046399037413,46.7356,46.7856
435,AE1,63.609574331439134,96.58182944453938,47.2456,47.3456
441,IH1,74.31887826391049,119.11221638528218,47.6256,47.6656
447,IH1,60.20954960413401,82.73262465507231,48.0856,48.1756
452,IH1,71.27724310119416,76.2787185361445,48.4056,48.4556
463,AO1,77.25422033112964,127.58964605984616,49.6956,49.7956
466,AH1,70.87719741205055,91.53369484019375,50.0256,50.0956
469,EH1,72.09402339064867,86.24731206873368,50.1856,50.2356
473,AE1,73.62637822023441,96.9590329032349,50.4356,50.5356
480,EY1,77.14715396143872,129.56876920485354,51.5856,51.6956
482,AH1,74.5067184820974,96.2516205849665,51.7956,51.8856
487,AH1,73.99221459923817,100.06662512740682,52.1956,52.2556
489,AA1,72.41766779435727,555.6174309955821,52.3456,52.4356
493,AO1,73.55034475410044,100.45786388294692,52.6456,52.7556
501,EH1,73.92678604032253,98.81013435105358,54.2656,54.3356
510,EH1,72.89284979013536,81.00741291147337,54.9656,55.0756
514,EH1,72.15187651897618,83.87466542155109,55.3156,55.3856
523,IY1,74.55864670053361,102.2536994996461,56.4956,56.5756
526,EH1,69.68041420723124,79.04203004123008,57.2456,57.3656
529,AE1,65.21357673847179,95.69145107373734,57.6556,57.7356
533,IH1,75.36386323861052,108.26774079580383,57.9256,57.9956
540,IH1,70.08107551477035,85.6183560681646,58.5656,58.6556
544,EY1,76.48283223671224,110.94100984763116,59.6156,59.7156
546,AO1,74.01623176731731,141.87426372805865,59.8556,59.9456
551,EY1,75.63182834194913,133.3528246950203,60.2256,60.3156
556,AH1,67.68861596066581,77.88091592505789,60.5456,60.5856
559,EY1,66.78096313172118,75.71339456559224,60.7956,60.9156
562,AW1,73.6926780216494,121.34263097702008,61.1256,61.2356
571,EY1,72.81704185356215,81.69245303306887,62.2556,62.3356
574,AO1,74.51760912650435,101.82291296198984,62.5056,62.6256
577,AH1,71.76204989426142,85.7806442206921,62.7956,62.8556
579,AA1,73.66913856508165,87.2308020455773,62.9456,63.0256
583,AO1,74.62820653656675,108.16504228898708,63.2556,63.3656
587,IH1,67.09888759833927,97.40675526864655,63.6656,63.7756
595,AA1,73.7297374238155,128.7461864180967,64.2156,64.2656
605,AE1,65.66680341225695,98.41090807377583,65.0456,65.1356
609,OW1,70.63978877095028,85.06412045397722,65.3756,65.4756
616,IH1,75.5274725625103,158.6367797113464,66.6156,66.7156
618,IH1,72.40299414374506,131.27514780074753,66.8756,66.9556
622,AO1,75.14768927845053,118.59103318061919,67.2156,67.2856
628,UW1,73.34836916959824,107.98036101948563,67.5956,67.6556
633,AW1,72.5406415525098,102.75841539328441,67.9856,68.1256
636,AH1,70.31373585996752,78.9462630014903,68.2356,68.3256
639,EH1,73.19056228022183,123.62023957203705,68.4656,68.5756
646,AH1,72.44939119815422,108.47476240415195,69.7256,69.8056
654,AY1,70.43654104546248,90.30432090857813,70.5856,71.0256
657,EH1,74.06259595386577,112.88054389003428,71.1356,71.2556
665,IH1,70.05729631051312,86.74774957203724,72.1956,72.2656
668,EH1,67.94412772302464,79.59502606475314,72.4256,72.4756
674,AE1,73.38690493399693,238.76132400722338,73.7856,73.8756
681,EH1,76.73033041012991,241.24647025202825,75.3956,75.4956
687,IH1,74.4994678478692,208.5770804946298,75.9456,76.0256
693,EH1,72.51334940271346,191.851416903264,76.4356,76.5056
700,IH1,72.2579139932746,177.78527144052222,76.8656,76.9256
706,IY1,74.74073936145327,249.6082060849714,78.1856,78.3156
713,IH1,73.53652456180326,188.77516672189486,78.7056,78.8256
720,IH1,72.40141077785691,232.1027593680176,79.7956,79.8656
723,AH1,72.82856939856565,181.57674167568044,80.0856,80.1356
726,AY1,71.20752957678556,156.60041378249647,80.3556,80.5756
729,AE1,63.47969338912863,178.22512234282144,80.8756,80.9256
733,IY1,73.7912929235228,205.47866306525927,81.1456,81.2756
738,AH1,72.81944259963981,175.01801213024524,81.5656,81.6056
742,UH1,73.21561170710177,163.8634785730619,81.7956,81.8456
744,AH1,72.19601111504917,171.5888424889853,81.9256,81.9556
751,EY1,74.92962184857939,234.0596606441642,83.8056,83.9256
756,AA1,72.77524179757152,158.49586873741532,84.2856,84.5856
763,EH1,73.7436904201266,196.28119844444194,85.2556,85.3456
769,AH1,74.01292628931353,186.35112982064334,85.7456,85.8056
780,AY1,72.17942649511335,157.13994783076788,86.4856,86.6456
783,AE1,67.54369751192965,178.90507553041365,87.3456,87.4656
788,AA1,74.57472431028505,189.8789415140821,87.7456,87.8256
801,AH1,71.8432028130953,169.63259728497923,88.8756,88.9256
806,AH1,68.15873522561515,139.4127351208158,89.2956,89.3756
810,IH1,73.59485810607721,185.24868813919687,90.8856,91.0456
813,ER1,74.59785385965459,210.78590517893886,91.2856,91.3756
818,UW2,73.44496504021447,163.6761810973108,91.6956,91.7356
823,AY1,72.52091763033025,151.92322098793116,91.9656,92.0556
827,UW1,69.92897763956188,140.86601239529855,92.3256,92.5656
832,AW1,74.30079269367138,194.27316445535905,93.5056,93.7056
839,AY1,71.80536506226011,110.22578271715528,96.0756,96.5356
842,EH1,75.33253074682548,104.08191158903189,96.6756,96.8256
846,AE1,69.70465162130522,76.7924451879851,96.9856,97.0856
855,AO1,73.77532735826817,98.29818981806591,97.9856,98.0856
861,UH1,77.00896934498084,116.54066517326568,98.4256,98.4556
866,EH1,72.73833473608006,102.20084545745165,98.7656,98.8356
874,EH1,76.71845298088427,119.24259402163597,99.6656,99.7556
877,AO2,73.0726803652682,97.71324081678317,99.9456,100.0756
880,AY1,71.64606950514352,98.06616770672953,100.4556,100.5956
885,AO1,72.46904183095407,134.99552912888453,100.8856,100.9856
888,AH1,74.86633418286655,96.41921296005236,101.1756,101.2256
891,AH1,62.862505255808955,105.27934834234902,101.3756,101.4556
893,IH1,65.4750581231991,78.6924994357117,101.4956,101.5756
895,AO1,72.73127567873404,86.04312583139921,101.6356,101.7156
898,AH1,72.53609983073426,93.29574998780986,101.8156,101.8456
900,ER1,74.53315025172544,120.73709960868516,101.9756,102.0556
907,AY1,73.00151492191425,92.37469218138591,102.3856,102.4656
909,AA1,72.76558340339088,109.41615526322606,102.6156,102.7156
913,AE1,69.7198958967181,111.18616225108573,103.5556,103.6556
917,AE1,74.32165794152296,116.1760087477886,103.7956,103.8656
922,IY1,73.94520262568187,134.6903061169724,104.2056,104.3056
925,EH1,74.6988735537287,112.25892098791941,104.4456,104.5156
931,IH1,70.80430800912966,112.87141970132815,104.8656,104.9056
942,AO1,73.81624140966184,108.01866232178978,105.6256,105.7056
948,AY1,71.74963482974698,83.42178782966894,106.0156,106.1256
950,EY1,70.75931544530735,90.43501898649536,106.1956,106.4356
954,EH2,71.82955462192513,86.67492961905329,107.0856,107.1256
960,EH1,69.99956988807256,83.7746375516754,107.4556,107.5756
964,AE1,74.16484507950014,101.2704886603687,108.3956,108.4356
972,AY1,72.2726687973301,92.30702760121433,108.8456,108.9256
976,EY1,72.6801553280264,121.17646320874364,109.2256,109.3456
983,AH1,68.70885724651339,77.4986872785056,109.7156,109.7556
985,AO1,69.68196302175983,78.42869069551371,109.8456,109.9556
988,IH1,65.07213028165526,91.42966521803058,110.0656,110.1856
990,AO1,69.5052294429267,78.03238102710603,110.2356,110.3556
995,EY1,63.58028957032446,77.65617064723953,110.6756,110.8656
999,EY1,72.58834998219888,113.86479513431622,111.8556,112.1056
1002,AE1,73.78555609120968,131.18425342960515,112.4556,112.4856
1007,AE1,72.51947522765292,145.5171192707921,112.7456,112.7856
1012,EY1,72.91999075430967,112.57206282451796,113.0256,113.1056
1015,AA1,74.4227633780387,100.13439948618228,113.2756,113.3956
1019,AH1,69.78948451840355,78.75575568355426,113.7256,113.7856
1024,UH1,75.16385984102196,116.3645840510697,114.0756,114.1356
1030,AE1,60.55203708317598,99.14062415360743,114.5956,114.6656
1036,IH1,73.72418572608241,133.6347997817516,114.9456,115.0056
1042,AH1,71.37979393356258,85.7507303394707,115.3756,115.4156
1045,AA1,70.67469263022907,94.33087489273328,115.5556,115.7956
1049,EH1,77.0969805166568,109.42661808375082,116.4556,116.5156
1052,AO2,70.28887195869561,86.50411366530375,116.6956,116.7856
1055,AY1,71.1567974130645,115.32230092639766,117.2956,117.4656
1057,EY1,73.0218092419939,131.99889358125617,117.5456,117.6156
1061,EH1,75.3094871543492,116.83169945260792,117.8656,117.9256
1068,AY1,70.48081193180872,83.69245984240175,118.3356,118.4356
1073,IY1,73.3365452105713,118.43341943751165,118.7556,118.8456
1079,IH1,66.4876969148425,80.443067763884,119.2156,119.2856
1082,AY1,70.13849610802879,80.48344881038622,119.4156,119.5256
1084,EY1,68.23266687262408,96.63734883110317,119.6156,119.8256
1089,EY1,71.65660939365073,92.04044902922453,120.9556,121.2856
1091,AY1,69.77837097859276,101.93831765155207,121.5756,121.6856
1093,EY1,74.87449883630364,112.45970121303455,121.7856,121.8556
1097,EH1,75.27092328283689,120.62100750408017,122.0956,122.1556
1105,AH1,72.59483779635309,88.06026567872723,122.6956,122.7556
1107,AE1,74.2751660143943,117.01385324870321,122.8756,122.9256
1116,AY1,73.52674184412025,96.72334385943853,123.4056,123.4956
1118,AA1,73.40452182492217,105.86129348617519,123.6256,123.7356
1123,IH1,72.67816504472468,93.81869618385278,124.5356,124.5856
1129,IH1,74.44379801088365,108.04947384879691,124.9756,125.0756
1134,AH1,65.4374103502773,92.12594008341513,125.4656,125.5456
1137,AH1,68.37985699758318,77.18090279901087,125.6456,125.6956
1139,ER1,73.84795685843828,92.13073456600014,125.8056,125.8656
1148,UW1,72.28224971586447,82.33327350348053,126.3156,126.5356
1157,AE1,75.32629170630094,126.2189930695182,127.2856,127.3356
1164,AH1,65.59498867789809,80.63162669187312,127.8856,127.9956
1170,IH1,73.45053000479581,84.68351269175395,128.3656,128.4256
1178,AE1,73.8477574227528,106.03627983547622,129.6356,129.6856
1181,AY1,74.56139857541402,102.95780327225977,129.7856,129.8856
1183,OW1,74.11012810796086,139.0748525565589,130.0256,130.1856
1190,EH1,73.36993832165015,103.61493572816373,130.5756,130.6356
1195,IH1,71.29829189783764,85.62875886061775,130.9156,130.9856
1197,AY1,73.30947862481644,84.79883850189636,131.0956,131.2056
1199,EY1,72.82694418035756,99.94257213192806,131.3056,131.4156
1201,IH1,68.99227807869622,169.87172975280347,131.5556,131.6856
1205,UW1,68.02241986878369,97.5476071594693,132.0256,132.2856
1207,AE1,63.08444112987611,95.88849949161859,132.6856,132.7756
1210,AY1,73.89843079387259,79.36936416664594,132.8756,132.9656
1212,EY1,73.89258726169896,95.14501386142986,133.0656,133.1556
1221,AY1,71.95694350313634,85.05302205555478,133.7056,133.7756
1223,OW1,71.99692551628189,78.30533890757799,133.8456,133.9256
1226,AE1,71.6781946204833,85.7006377429005,134.1156,134.2256
1233,AY1,74.84074907844379,89.48041025550506,135.1856,135.2856
1235,EY1,74.47361387064055,115.74245982788483,135.3956,135.4856
1237,IH1,73.25122168272804,127.90691915075152,135.5856,135.6556
1241,AO1,72.5439473019277,104.25910363537052,135.9656,136.0156
1248,UW1,72.99532775563758,100.88284254882312,136.3856,136.4456
1250,AY1,69.35623428452523,77.90663223492795,136.5656,136.6956
1252,AA1,72.6388072927402,82.18045133311495,136.7856,136.8956
1259,AO1,75.0596233939173,122.77771364423947,138.1756,138.2156
1264,EY1,74.52987986797488,169.59503525906433,138.4856,138.5556
1269,AE1,71.47446526824497,91.06842449921838,138.8356,139.0156
1278,EH1,72.59196630577392,104.14268995358282,139.5256,139.5756
1290,ER1,72.70462244869053,110.42317929103775,140.2156,140.3156
1294,IH1,73.77768972887155,106.39533666293104,140.5056,140.6256
1296,AH1,69.35228150233434,94.70162133070345,140.7156,140.7756
1301,EY1,73.09897568005782,121.97236583436295,141.0356,141.1456
1303,AH1,67.92510582877024,99.69550121171217,141.2056,141.2956
1306,EH2,73.49505879825725,103.10482927754342,141.4656,141.5056
1310,AY1,71.28628815651372,107.7992931878768,141.7556,141.8756
1314,IH1,71.54505311105306,100.63621882373526,142.4656,142.4956
1319,UW1,73.91268684259043,104.55348492300249,142.7856,142.8756
1324,AY1,70.76427944001745,75.93458899460774,143.8356,143.9156
1326,AA1,74.74065012886452,95.22109468832359,144.0756,144.1856
1332,AE1,71.8573562210805,93.76135088301145,145.1456,145.1756
1338,EH1,73.7913083081867,93.62274193570126,145.4956,145.5456
1341,AE1,70.49335868890088,82.65263761888401,145.6956,145.7656
1345,UW1,68.69098798982782,86.75428688141206,145.9856,146.1156
1353,AO1,70.52659684591343,88.57251272375548,146.5656,146.7056
1356,IH1,68.0889182539099,79.75427837066623,146.8356,146.9156
1368,AE1,74.97205800228588,106.0935841368576,148.4056,148.4756
1371,EY1,74.43366690951004,118.85178537000296,148.6956,148.8056
1374,IH1,73.3892051818071,105.6647909893259,148.9156,149.1256
1378,EH1,68.25255663722882,83.59302182683159,149.4356,149.4656
1381,EY1,73.01735639642197,102.21332194952183,149.6456,149.7356
1384,EH1,73.64984013910636,108.28844791196836,149.8556,149.9256
1389,AA1,71.19257403773604,95.66150644077143,150.2356,150.3356
1397,AA1,72.8065076650106,145.86642506960513,151.2256,151.2856
1404,AH1,72.02449468195519,100.23183222286046,151.8856,151.9256
1411,IY1,71.98382252957019,111.44045297336044,152.2956,152.3756
1419,EY1,70.061067780395,87.25666382105717,152.8256,152.9056
1421,AH1,70.3667273241546,100.12213940714379,153.0356,153.1156
1427,EH1,71.57623789427369,96.71350009943625,153.4556,153.5556
1431,AO1,72.80867753084132,105.36606683641517,154.1956,154.3156
1437,EY1,72.61183912955454,121.13690002141001,154.6556,154.7656
1440,IH1,74.91052081895042,126.19477968691952,154.9856,155.0256
1445,UW1,72.51869349495712,110.72648243032361,155.3456,155.4756
1453,AH1,73.02792559658104,97.4676478013785,156.1456,156.2156
1457,IY1,70.44846358356685,81.80376558313313,156.4456,156.5256
1463,OY1,66.63541991772323,79.26408243847148,156.9456,157.0956
1468,EH1,74.67590672244467,118.82580026304728,157.8956,157.9756
1476,EY1,73.3834151270449,125.44197091927893,158.6356,158.7056
1481,AE1,71.72414979821384,93.99585335592381,158.9856,159.1656
1487,AY1,70.99386895563543,81.90872481228412,159.5056,159.6056
1489,AA1,73.19089999901144,91.76111752252527,159.7456,159.8456
1494,AE1,70.26622567572609,98.71878815730108,160.8756,160.9956
1497,IY1,74.82884737339955,119.11367178773774,161.1256,161.1856
1499,EH1,74.7114421526676,150.76776742277494,161.2856,161.3556
1503,AO1,69.8223107775063,84.16419916311683,161.5756,161.6956
1509,EY1,73.4837429883471,117.41009339128397,162.2256,162.3756
1511,AH1,71.02812746296087,90.42902224127555,162.4456,162.5356
1518,AO1,70.7367552946286,89.17712398225095,162.9156,163.0656
1523,EY1,72.11356856034533,100.29327070258022,163.7356,164.0456
1525,IY1,70.86352909710597,131.10534384582616,164.2656,164.4356
1530,IH1,73.34306899250639,98.93080272122823,164.6856,164.7356
1532,AO1,71.81322886559678,99.060096434307,164.8356,164.9756
1538,AA1,70.21118643409959,105.80102842915052,165.3656,165.4856
1542,IH1,67.24528271216906,105.46423388003987,165.9556,166.0456
1547,AE1,66.56259611875052,75.91899594409745,166.3556,166.4456
1549,AH1,65.28675658180563,93.72520396922462,166.5356,166.5756
1555,IY1,71.28029836964676,107.4018718946863,166.9356,167.0256
1561,AE1,72.26320979381299,124.05743812130036,167.9856,168.0356
1564,IH1,75.24882995391033,107.69005229830665,168.1056,168.1456
1567,EY1,74.61954434420119,145.96802286770358,168.2956,168.3756
1572,AE1,72.52951647025445,101.80497570974843,168.6556,168.8356
1574,EH1,72.01207817652686,90.10066429066563,168.9356,168.9956
1577,IY1,69.95976743001808,85.01940086373881,169.1256,169.1956
1580,EY1,72.54678514580655,119.72159981606003,169.3756,169.5156
1582,AH1,72.5285932179843,80.32782902826558,169.5756,169.6356
1587,AH1,67.95670686878468,76.04045723064803,169.8456,169.9056
1594,EH1,73.75646800326703,92.80696600569645,170.7256,170.7556
1597,EY1,74.8620464079163,110.83499285576247,170.9356,171.0156
1601,IH1,71.44507324246403,116.57407577595517,171.2856,171.3356
1604,AH1,66.25640476800383,112.65199010525085,171.5856,171.6856
1607,AY1,71.86538642555311,97.99525184612337,171.8856,172.0756
1610,AE1,62.291847283676056,127.32337874978735,172.5656,172.6456
1615,EH1,74.7841565285403,91.9097256550974,172.8856,172.9456
1620,AA1,72.18989186361155,91.18423449933246,173.2256,173.2956
1624,AA1,71.40289468635922,82.24485321813498,173.5256,173.6256
1629,AO1,72.43404311395702,93.20251951377185,173.9956,174.0656
1632,IH1,68.2144174023584,76.95236539277272,174.1956,174.2656
1635,AE1,61.998815543849794,94.96127000999297,175.0156,175.1056
1639,IY1,73.15793888872984,100.09301068276557,175.2456,175.3356
1641,AO1,73.2780146988347,116.75051013455732,175.4756,175.7556
1642,AE1,63.95847251221352,124.1151444196032,175.7556,175.8456
1646,ER1,74.00078818902998,101.32326179333477,176.0756,176.1556
1649,AH1,67.31269686180737,91.80778282443372,176.3256,176.4556
1658,AO1,74.71968985050061,97.83212078377434,177.5856,177.7456
1665,IH1,74.3800226262688,96.29971338304499,178.1456,178.2056
1669,IH1,67.74024545599259,79.20921913596743,178.4456,178.4956
1672,IY1,68.18922520915203,78.5270285663402,178.6256,178.6856
1674,AO1,73.42592553724187,93.21192285646445,178.8456,179.1056
1675,AE1,65.41205020480221,77.3539578350458,179.1056,179.1656
1679,ER1,70.92380668932714,86.70420557346375,179.3956,179.5656
1683,IY1,71.84259666524228,94.4831896983602,180.1356,180.1756
1689,EY1,72.48351228438767,91.69853845083061,180.5356,180.6756
1692,AE1,62.34009149963913,87.32101501660065,180.9056,180.9956
1697,EH1,75.69352949911953,111.46354685226777,181.2656,181.3156
1706,IY1,72.19883928822858,99.32735383206528,181.9156,181.9856
1714,AE1,74.06332842704812,116.60344887247206,182.9556,182.9956
1717,IH1,74.20572185896717,101.03455240834047,183.0756,183.1156
1720,EY1,73.64736387451987,120.94254242666753,183.2856,183.3656
1723,UW1,69.53852452794786,135.44681945893848,183.4856,183.5656
1725,AE1,68.36116382192378,86.06136768472292,183.6756,183.8756
1729,AE1,72.76883955569504,95.26686228638562,184.1756,184.2256
1732,IY1,74.27314229805455,112.39441532278907,184.3556,184.4356
1736,ER1,75.03841549142192,115.10187351431618,184.6956,184.7856
1740,UW1,73.74641214221992,106.56986730982207,184.9656,185.0456
1744,OW1,73.39392447699963,108.53419003523356,185.2856,185.3956
1747,AW1,68.20396145929757,108.82209384490137,185.5656,185.7356
1749,AE1,67.81733776538977,83.96795369408362,185.8856,185.9456
1753,UW1,72.37388233573189,113.40061244844814,186.1656,186.2556
1760,AE1,68.13015627557499,86.98224497512156,187.0756,187.1656
1764,IY1,71.46903618353504,89.30596481010713,187.2956,187.3556
1766,AE1,73.88342063911094,99.64947892816558,187.4556,187.5756
1773,EH1,72.32052366614663,85.51450685460766,187.9556,188.0256
1778,AA1,72.3783089548754,86.1281725238529,188.3956,188.5156
1784,EH1,69.7272758235884,91.45422834115408,188.8456,188.9956
1788,IY1,76.63741796356783,109.29361433616677,189.6556,189.7256
1791,OW1,71.32944552700339,103.30953714570455,189.8556,189.9456
1795,AH2,73.10314439878346,128.0003924808218,190.2456,190.3356
1804,IH1,75.01414518738652,134.91797546667493,190.8856,190.9556
1815,IH1,74.37017578341671,106.3361218159116,191.6456,191.6956
1819,IH1,72.14232450921413,96.0922251520351,191.9356,191.9856
1822,IY1,70.07904674807297,82.46379532164713,192.1156,192.1656
1824,AE1,70.15461127044853,79.40477352774893,192.2256,192.2556
1827,IY1,71.39348988099785,93.806879069891,192.4556,192.6056
1831,AE1,70.94450510061195,95.48121606336154,193.5156,193.6056
1835,IY1,76.76682707338442,123.67675883512995,193.8056,193.8856
1839,AH1,74.21369827914947,94.54421397186483,194.1156,194.2256
1841,OW1,68.96776287437669,95.24378735198687,194.3356,194.4156
1845,AH2,74.18102208688467,109.76080365077263,194.7056,194.7656
1854,IH1,74.69789202091492,99.51260853763823,195.2756,195.3356
1860,IY1,73.38942455572818,102.33378995612156,195.9956,196.0456
1865,EH1,73.84083288471346,125.59804211362378,196.4056,196.4556
1871,EY1,72.12432978356169,82.77494410802075,196.8356,196.9856
1872,IH1,69.22474260646611,92.30036992438974,196.9856,197.0556
1876,IH1,75.29297479944248,113.8886455577507,197.2556,197.3256
1881,IY1,73.68460825596691,101.19510024614532,198.1056,198.2556
1889,IY1,71.9566365776862,84.14004211500729,198.5756,198.6456
1891,AO1,72.4852074092559,88.84547535882189,198.7756,198.9156
1895,EH1,73.0528469510977,115.52212723050883,199.1556,199.1956
1900,OW1,67.79000697258203,80.44739411475673,199.4556,199.5456
1905,AE1,69.33917584908883,110.03203684132718,200.2556,200.3456
1909,IY1,74.51254973314148,100.80897959021262,200.4856,200.5756
1911,AO1,73.64697638276957,133.4205061177378,200.7056,200.8056
1914,IY1,69.99966312230698,113.50707154218358,200.9056,200.9756
1916,AO1,73.70457299312277,105.60847678387329,201.0856,201.2056
1918,AA1,74.00384627523377,94.05938167352461,201.2856,201.4256
1921,IH1,76.84414632631476,120.11463136025964,201.6156,201.6556
1927,AA1,72.35269262627031,90.75945491715117,201.9456,202.0556
1934,OW1,70.78900162558281,77.93806622699061,202.5056,202.6156
1939,AW1,73.88671021914904,90.03571863027587,203.4456,203.5756
1948,AH1,74.54238476298843,95.68929932096576,204.0956,204.1456
1956,AA1,72.68794227840607,108.09702184019281,204.6056,204.6756
1959,AO2,72.67479339051191,114.41614258649965,204.8956,204.9356
1966,EY1,73.54738068346359,99.21403644160274,205.3456,205.4556
1973,IH1,68.68957516114244,98.92755347013909,206.2556,206.3256
1977,AE1,74.45355106434197,130.6494908826515,206.5356,206.6456
1981,UW2,74.74049706935617,139.0440409778211,206.8656,206.9156
1986,IH1,74.84413069194864,132.49541375196122,207.2456,207.2856
1990,AE1,59.91341952283132,105.47259365973945,207.5956,207.6356
1995,EY1,74.58912400707881,111.37600686177397,207.9056,207.9756
2000,EH1,70.58026954348773,78.72244276584541,208.2456,208.2956
2003,AA1,70.65327422624902,83.71717255186057,208.4256,208.6656
2007,AE1,69.94684204682143,97.91416539501327,209.3456,209.4356
2010,IH1,75.33932116857235,99.23137098421905,209.5256,209.5756
2013,EY1,75.36150593559663,126.08911142434233,209.7256,209.7956
2018,AE1,70.43571411988378,89.8678546639854,210.0756,210.2656
2021,AE1,73.7557203677285,88.37941139006021,210.4556,210.5056
2024,IY1,72.83023862381073,98.5185612596213,210.6156,210.6956
2026,AO1,74.4293137923476,103.02500744950673,210.8056,210.9356
2028,AH1,73.81654373161432,92.56879943590995,211.0756,211.2056
2034,EH1,75.98702469005705,116.85163964319425,211.7856,211.8556
2039,AW1,71.57608553764011,109.51278424082183,212.1356,212.2556
2046,IH1,75.16104209318607,124.88252559924221,212.6256,212.6656
2053,EH1,73.56979808479136,129.77697806051293,213.0756,213.1156
2062,IY1,76.136712642333,117.71022822275256,214.0656,214.1256
2066,EH1,75.20183009862863,114.18548037566251,214.3656,214.4556
2071,AE1,74.3065666862553,87.97746115426878,214.8456,214.8956
2074,IH1,75.61117909543432,103.70765558111661,215.0356,215.1056
2077,AH1,71.7173729628561,80.10342885983856,215.2656,215.3356
2082,AH1,70.67014583065817,83.92637673847615,215.6156,215.6656
2086,AH1,72.9673218308024,89.33115011833704,215.8656,215.9556
2089,AE1,73.63974121110145,103.24301761659059,216.1156,216.2356
2096,AH1,73.31666813020009,100.04071398223014,216.6456,216.7856
2098,AE1,67.4446426289347,90.57734841218922,216.9156,217.0156
2102,EY1,62.27350468174222,75.62609531011385,217.3856,217.6156
2105,AE1,69.96745158351499,113.0149705271206,218.2956,218.3556
2109,IY1,75.49193830497447,121.10174397201689,218.4556,218.5656
2110,AO1,74.74159787673378,129.27397244177536,218.5656,218.6456
2115,AO1,72.93223325838505,125.5267794955091,219.0356,219.1556
2118,EH1,75.58276747887888,124.84147759429165,219.3556,219.4056
2121,AH1,72.71364475214429,104.52889773291113,219.5556,219.6656
2126,AA1,72.30685723333397,98.6601608903765,220.0956,220.1456
2132,IH1,67.38534019464801,79.61516680621513,220.5156,220.5656
2135,AE1,68.00703475502164,103.48966610136648,221.1456,221.2356
2139,EH1,73.75693438632108,98.91333053029281,221.3956,221.4956
2143,AY1,68.40563133233941,75.92510837119245,221.6756,221.7856
2149,IH1,71.8411145093732,89.30578067227539,222.0956,222.1456
2154,IY1,72.65976498966363,97.93690408923325,222.4156,222.5156
2157,AE1,72.2278100292733,94.73617895610796,222.6456,222.7756
2165,AA1,72.75991769206601,95.47000559671098,223.2156,223.4056
2171,AH1,69.9180476533377,92.45450992880463,223.7356,223.7956
2173,ER1,72.53093819935758,113.8952723931159,223.9056,223.9656
2182,AE1,74.52887862675203,118.94629625102081,225.1356,225.1856
2186,EY1,73.33863430168961,104.70021443646907,225.2956,225.4056
2188,EY1,73.7092431720211,138.07442660848227,225.5556,225.6456
2191,AW1,70.88451557295045,91.1523533266569,225.8356,226.0756
2193,AE1,64.69406970418075,80.46469556394997,226.1856,226.2356
2197,EH1,73.76412008758686,102.8352131610215,226.3756,226.4356
2201,AO1,75.32788066711964,119.64558795605365,226.6456,226.7356
2206,AA1,73.36437143413535,104.10146209018605,227.0256,227.0856
2211,EY1,71.86436153745419,134.31095592318704,227.4156,227.5756
2213,AH1,73.04204436097075,126.88235133771266,227.7156,227.7856
2217,ER1,70.42250402843649,109.17573312883918,227.9956,228.2156
2226,ER1,74.0033516807825,107.3247552982088,229.1556,229.2356
2230,EY1,69.2803660665198,85.2049147072951,229.4656,229.6256
2233,AE1,64.83499900593797,89.11079566978461,229.8456,229.9356
2238,UH1,74.78074291288175,118.19271163202988,230.2156,230.2956
2243,AO1,71.67830187786424,98.888859847338,230.5756,230.6256
2246,AY1,71.90783183318233,85.2108056757307,230.7356,230.8156
2248,AA1,71.52526783868686,106.13148432661812,230.9556,231.0656
2256,EY1,74.45288982963335,151.2124161665336,231.9656,232.0656
2258,AH1,74.58086747741291,144.71023506290885,232.1356,232.2056
2263,IH1,74.8076035616653,107.45363595008946,232.4756,232.5456
2267,UH1,73.18091014061562,110.85241860871228,232.7956,232.9356
2270,AE1,66.16057014927176,96.33329964867399,233.3656,233.4356
2274,EY1,72.89113349650775,96.34516718186447,233.6356,233.7756
2277,IH1,70.95504842334248,84.9261465329338,233.8956,233.9756
2283,IY1,70.17214152130732,87.53885001911299,234.3056,234.3956
2285,UH1,72.94218585878086,96.47237346592253,234.4956,234.5356
2288,IY1,70.22242826073466,88.75366748954485,234.6956,234.8556
2292,AE1,72.70136126481701,105.750578500781,235.5756,235.6656
2295,IH1,74.40823486133945,91.71205878765011,235.7456,235.7956
2298,EY1,74.88815212012102,123.96871828802315,235.9556,236.0256
2301,UW1,72.58331568848051,99.24906592296962,236.1456,236.2156
2303,AE1,73.29504536790193,103.47039870594624,236.3456,236.5256
2308,AE1,71.4754198964677,84.75174647688657,236.8256,236.9756
2311,IY1,71.48723301856813,87.79819556049469,237.1256,237.1956
2313,EH1,73.34898522982047,93.00621462152299,237.2956,237.4356
2317,IY1,73.87629254597798,106.39203907995062,237.9156,237.9656
2322,IH1,74.92971204410114,128.89426038095203,238.3256,238.3856
2332,IH1,75.34893357849218,132.56655851176936,239.0356,239.1056
2336,AH1,68.74351439836232,78.99701069303646,239.3556,239.4456
2339,AH1,71.15389604814455,93.51878065121113,239.5556,239.6156
2341,AO1,71.87690979287788,98.9894224375358,239.6956,239.8556
2346,AE1,69.92863264288958,95.68829350325761,240.6656,240.7656
2350,IY1,72.94288839046577,94.40770083032746,240.9056,240.9856
2352,EH1,71.5471016738958,98.49476083381298,241.0856,241.2756
2356,EY1,73.08385833435656,94.27391349130755,241.7156,241.8656
2361,OW1,73.80775469343605,135.50262939827456,242.7056,242.9056
2363,OW1,71.22236241625404,96.6242715807617,243.0956,243.4356
2364,AH1,66.48007190834707,78.0165647260347,243.4356,243.4856
2370,UW1,71.20651503244453,97.17116819867641,243.8656,243.9756
2378,AO1,73.11239807470167,102.39844319853911,244.7256,244.7556
2380,AY1,73.4179546975005,86.0713773205281,244.8256,244.9056
2382,AE1,73.60606654494592,89.59950202434314,244.9556,245.0156
2385,IY1,74.27391564139822,105.48422796033952,245.1856,245.2656
2388,AY1,72.12367466914687,83.41237642645604,245.3956,245.4656
2392,AA2,72.50379106117295,83.3725401378619,245.6456,245.7256
2396,EY1,71.82682150179767,96.6983469774797,245.8856,246.0056
2403,EY1,72.8786834118676,92.21300340208415,247.1856,247.4156
2408,EH1,73.37154394386181,102.095490821883,247.6556,247.6956
2412,IH1,72.8565394793013,100.66544144526843,247.9856,248.0856
2419,AY1,69.30333642021255,76.18281147777607,248.4756,248.5656
2421,AA1,71.84199722027637,82.83529352822531,248.6956,248.7856
2425,IY1,70.44119662611412,88.40366277856435,249.0056,249.1356
2431,ER1,74.45407721898364,110.88496830260503,249.5156,249.5456
2440,UH1,74.44551824220075,120.82928935724067,251.2456,251.2956
2449,OY1,69.1715533067221,91.02356575062764,251.8456,252.0056
2452,AE1,63.2697979719643,81.31849563851883,252.2156,252.2956
2460,AE1,71.81299549957926,136.43391668061506,252.7156,252.7556
2469,EH2,71.4780883232399,79.31766159053893,253.1656,253.2256
2475,EH1,73.76242250168491,89.32354169099636,254.1956,254.2556
2479,UH1,71.12597710903675,79.36880061794581,254.5556,254.6156
2482,EH1,71.90856470117403,96.24055140729362,254.7556,254.8256
2487,AY1,72.77989620741349,89.43738125819849,255.1056,255.1956
2491,AO1,69.91869128506082,85.54439206103964,255.4656,255.5856
2499,EH1,74.4633639370112,107.6477391780039,256.3656,256.4456
2503,UH1,71.76067739894424,96.01313582985158,256.8056,256.8556
2508,EH1,71.56769302170144,93.4045402481647,257.1056,257.1856
2514,EY1,70.41706713622573,93.64529771446895,257.4456,257.5156
2516,AE1,73.01235014100055,106.6173686353293,257.6456,257.7456
2527,AE1,70.84162948968525,80.80944620260914,258.4056,258.5256
2535,AE1,71.54061898978556,103.01260123545937,259.4756,259.5656
2538,IH1,73.48046741092344,97.56012882571515,259.6556,259.7156
2541,EY1,73.26320151613228,144.11103308505108,259.8856,259.9656
2544,UW1,70.32494631060214,98.4842937722103,260.0856,260.1756
2546,AE1,71.2296740423869,97.25373655867043,260.2756,260.4856
2552,EH1,72.78644223710519,95.97728882894451,260.8356,260.8856
2555,AY1,72.8863302186605,82.0312716029238,261.0056,261.0856
2557,AA1,74.17163276979471,98.71006130390798,261.2456,261.3456
2561,AE1,73.44060171722391,86.12746555047471,261.5856,261.6256
2564,EH1,72.55415873503826,93.93327968795174,261.7956,261.9456
2567,AE1,66.00588281596734,82.9565630878414,262.1456,262.2156
2571,IY1,71.9435422680971,98.78790474514523,262.4656,262.5556
2574,EH1,72.71322589654973,102.93633301593346,262.7056,262.7656
2579,EY1,70.66320937229149,107.53218452542285,263.1256,263.2456
2585,AA1,70.47745858557283,84.00613980433322,263.5956,263.6656
2593,IH1,70.64928879630662,94.21660520247255,264.0556,264.1356
2598,IY1,74.04518046096405,112.31953784567845,264.9456,265.0356
2600,IH1,76.04875222706809,123.98857477571168,265.0956,265.1656
2607,EY1,72.37445504177347,112.76865868896776,265.5956,265.7556
2610,EH1,74.09282816145758,112.36218291976037,265.9256,265.9856
2614,IH1,70.08642234222674,85.89801200515569,266.2756,266.3456
2617,AH1,73.14315922462947,93.46602436832593,266.5756,266.6556
2622,AH1,69.9492876719367,95.53626334005097,266.9456,267.0056
2624,AO1,71.85814680563729,103.32733327939253,267.0956,267.2256
2629,AH1,73.51608568580117,108.4823110720911,267.8656,267.9556
2631,AE1,72.9335000876558,89.27704921496236,268.0856,268.2856
2636,EY1,73.76383949865159,154.96528308339407,269.1956,269.2956
2642,AA1,73.03562735833553,106.84281110286362,269.5956,269.6956
2649,AA1,69.76778862094348,102.35476726865605,270.1656,270.2156
2652,AY1,73.6826008653276,113.33085915726144,270.3556,270.4556
2654,ER1,68.90051158357676,82.81138635361052,270.6256,270.7556
2658,OW1,70.37005342312624,114.35582297496825,271.1456,271.2656
2660,AO1,72.63306081715142,132.1512472632845,271.4456,271.5856
2664,AA1,73.21554650381985,114.6182037106987,271.8356,272.0056
2669,AY1,72.00811267488506,105.67463945969442,272.3556,272.4856
2674,AY1,74.6325382384014,98.29030797868786,273.5156,273.7156
2677,OW1,68.39672431428049,74.96963343597417,273.9356,274.0656
2682,AY1,73.80194803454476,120.13939637749843,274.4156,274.5656
2683,IH1,74.27082251986488,117.76191836873912,274.5656,274.6156
2688,EH1,74.01340196575961,115.53280843959321,274.8556,274.9056
2698,AY1,72.66084485644276,87.72684230474687,275.7156,275.8456
2700,AW1,70.95129079717829,102.1990173147788,275.9756,276.1756
2702,AE1,66.305626493738,118.71728766373414,276.3156,276.4256
2706,UH1,74.24103619530216,106.29382905501527,276.6256,276.6756
2712,AE1,67.01904448223188,113.74635504660046,277.2556,277.3356
2716,ER1,74.02198660036247,118.28164227256642,277.5556,277.6556
2720,AA1,70.71420432164832,109.36446457502494,278.1556,278.2856
2722,OW1,74.62288056378762,120.99341057553033,278.4056,278.4956
2725,AO1,71.90144678108413,162.77962503215358,278.6656,278.9256
2732,AE1,73.07467296319805,120.99287573471966,279.4056,279.4556
2740,AH1,72.31962381616349,110.08940113523893,279.8856,279.9556
2744,ER1,70.91981766902529,94.96096485616685,280.1856,280.3456
2747,AE1,72.2394581302845,97.86550094356744,280.9656,281.1956
2754,AA1,73.1898189261246,141.95288883502062,282.2056,282.3256
2757,AW1,72.4237788223738,103.74541422300989,282.5056,282.6856
2758,AA1,72.78143995213951,102.21909685623723,282.6856,282.7456
2762,ER1,73.36071052267062,103.97677917799655,282.9956,283.0556
2770,AW1,74.24268712553648,100.66230271155784,283.9056,284.0556
2772,IH1,74.0693301710997,101.96266605422686,284.1256,284.1656
2776,AA1,72.68291755480402,110.63347697557018,284.4356,284.5656
2779,AH1,73.22308833779145,114.98579738070119,284.8256,284.8756
2783,OW1,73.02306229177756,105.41931846723864,285.1556,285.3556
2786,UW1,71.93100119876233,102.78305237511367,285.5056,285.5756
2788,AH1,71.26712553315224,101.7997940558357,285.6556,285.7056
2790,AH1,72.43516903188319,107.05060415624584,285.7856,285.8656
2795,IY1,61.03199305087057,112.33946461727346,286.1556,286.3156
2801,EY1,70.80078455489229,80.6076246078183,286.8756,287.0056
2803,AE1,72.22531185905551,97.80288532431317,287.1056,287.1756
2806,EH1,73.64641206267821,109.43802570361305,287.3456,287.4256
2815,AE1,74.38028025369823,106.04621711086138,288.7656,288.8956
2823,AE1,69.29371352845578,77.1401582461089,289.4156,289.5156
2828,AO1,71.13887583323377,93.6509266979023,289.8456,289.9156
2831,AH1,70.99931787430678,100.98126029661024,290.0456,290.0956
2833,AE1,73.02680717834625,108.30713918450498,290.1956,290.2456
2839,AH1,74.95344745534577,106.11993558142387,290.5656,290.6256
2842,AY1,73.5127761441765,104.48158030851705,290.7556,290.8356
2844,AA1,72.95307965718987,100.5584267795735,290.9856,291.1056
2848,IH1,67.84610923356487,106.58954972022431,291.6256,291.7056
2854,EY1,74.02163893964155,133.44196561591784,292.0556,292.1456
2858,AH1,69.79452093129326,97.66665117558087,292.4056,292.5056
2864,AA1,70.52931557041273,86.88902162140305,292.8356,293.0656
2868,AO1,75.1858466554054,116.19719352645636,293.7356,293.7856
2874,OW1,76.09885216249722,119.93742168875183,294.1656,294.2856
2882,OY1,70.12144868242777,88.24657777992893,294.7756,294.9756
2885,AE1,68.68980376785126,109.5293208240808,295.4356,295.5256
2892,OW1,73.17185014623286,141.33142253570185,295.8956,296.0456
2895,AA1,72.18556342217936,115.47326523783391,296.2356,296.3556
2902,IH1,73.46632352001552,102.88812490453944,296.7856,296.8956
2909,AO1,72.92657578901529,97.00019789833138,297.6256,297.7656
2916,IH1,75.19387849645241,116.31176284810337,298.1756,298.2156
2920,IH1,72.62187447959879,104.8893233375965,298.4656,298.5156
2923,IY1,71.15462707205174,106.44229532748828,298.6556,298.7156
2925,AE1,73.52039264827742,102.16617002103922,298.7756,298.8056
2928,IY1,70.78805162484642,86.83878880611094,299.0256,299.1856
2932,EY1,70.29386027071129,91.54803962041122,299.7656,300.0456
2935,IH1,70.8978176335285,88.04306720660412,300.3656,300.4156
2938,AH1,71.86680287749745,96.39356125664779,300.5756,300.6356
2940,AO1,71.1139699903031,104.20323164356641,300.7056,300.8256
2944,AE1,69.28881621008932,77.5037150751637,300.9656,300.9956
2947,OW1,72.580017633564,88.3055870361761,301.1856,301.2556
2949,AH1,71.79049253354071,92.47271660031036,301.3156,301.3856
2958,AE1,73.23689211161525,121.30657452166226,302.5756,302.6156
2962,AW1,73.37825898751011,105.28958948278165,302.8356,303.0456
2963,AY1,72.74714911725943,106.51726526830495,303.0456,303.2256
2965,EH1,73.46640161684925,112.96592777725495,303.3156,303.4356
2970,UW1,74.87393645952363,109.02312883835874,304.1756,304.2556
2972,AA1,72.86888645619825,123.02390762701346,304.3456,304.4756
2975,EY1,71.80576593068798,86.6352423441519,304.6356,304.7156
2979,UH1,73.0222962024244,120.77928423476986,304.9956,305.0456
2983,AW1,69.12297763989056,78.73478851028763,305.2956,305.4456
2986,AH1,63.62414915449258,85.71782524169927,305.6056,305.6456
2991,IH1,73.69689900594389,104.36842747311792,305.9056,305.9456
2995,IH1,69.9019526599804,91.9526587492379,306.1856,306.2356
2998,AY1,72.17884642801039,90.23452674630538,306.3756,306.4656
3000,AA1,72.26182239382457,108.73447464545335,306.6156,306.7256
3004,AE1,67.34612467969647,78.56002151545707,306.9456,306.9856
3007,IH1,71.84005523306237,89.02108579870587,307.1356,307.1856
3013,AO1,75.34437693948826,110.88833936938602,308.2056,308.2556
3016,IY1,75.60769479761049,158.35349080266172,308.4056,308.4956
3018,AE1,74.04254881600518,128.34229826125664,308.5956,308.6456
3021,IH1,74.91898147302206,109.70414341277785,308.8156,308.8656
3026,EH1,74.14262170283172,108.85017859662375,309.1356,309.1856
3030,IH1,73.59796931874031,110.93004045323033,309.4656,309.5556
3034,IH1,66.2018252203376,86.26424448670815,309.8456,309.8956
3037,IY1,69.62447606073367,94.4471342704288,310.0156,310.0856
3039,AO1,71.78330937555604,91.24158197142756,310.2056,310.4056
3040,IH1,67.87182330874757,88.76078642356791,310.4056,310.5056
3043,IH1,73.78386064334472,110.7624937662675,310.6556,310.7156
3048,AE1,62.57054105303705,75.29871948678858,311.0856,311.1756
3055,IY1,70.84172338218666,98.37520677256683,311.5356,311.6556
3059,AE1,68.31344345694473,84.92771828954281,312.6356,312.7356
3063,IY1,71.38213235939732,85.72229762996041,312.8856,312.9756
3064,AO1,73.25260074157511,86.71691584475948,312.9756,313.0756
3072,IH1,68.64783838153984,77.18777848099829,313.6056,313.6556
3077,EH1,72.9623400852582,101.86450950755795,313.9256,313.9856
3081,IH1,67.63168876027048,167.43189030984354,314.2456,314.3156
3085,IH1,63.55266356994346,81.96042451933975,314.5656,314.6156
3088,IY1,64.55600581975841,80.70834866676847,314.7256,314.7856
3091,AA1,74.62209955315768,112.0774761184478,314.9356,315.0156
3095,AY2,72.46018517384908,98.2235787030239,315.2856,315.4056
3102,EY1,70.61722840629623,80.66160261713911,315.7656,315.9056
3105,AH1,68.25729596490528,97.80505388773877,316.2356,316.3456
3110,IH1,73.6598548513419,102.03106929332046,316.6756,316.7256
3113,IH1,75.2149321994037,126.47791954237131,316.9256,316.9856
3120,AH1,70.53986837988217,90.23985675079125,317.8156,317.9256
3123,IH1,72.6983137803464,87.72289664664973,318.0756,318.1356
3125,AY1,72.81977873725612,80.38999504824102,318.2456,318.3256
3127,AE1,69.35093439157521,89.26742862118515,318.4256,318.4756
3130,AA1,72.6202387437222,92.95641212651829,318.6356,318.7456
3133,EY1,71.37272725754656,80.77105225210182,318.8856,318.9756
3137,UH1,73.53948561780865,112.49307536348992,319.2556,319.3156
3141,AW1,69.33690793145956,84.49072082635996,319.5556,319.7156
3147,AH1,75.69837482555872,101.81676950713738,320.5956,320.6756
3149,AY1,73.40928295182155,96.40100297192804,320.7256,320.8556
3151,AE1,73.23661411563498,138.70539485682113,321.0156,321.1056
3154,EY1,72.15671883777992,82.12754572415383,321.2556,321.3456
3156,AE1,71.52068221442968,81.13298717822124,321.4456,321.4756
3160,AW1,72.39093397041668,94.48432318411855,321.7156,321.8456
3166,AY1,71.20694840057199,78.81516006536924,322.0956,322.1956
3171,IY1,70.35313547207662,82.59140844325876,322.4956,322.5656
3176,IH1,68.32465596553297,102.3758865187611,322.8756,322.9856
3179,AY1,71.9465877985534,107.56226306503704,323.1356,323.2656
3181,EY1,66.85725343660582,78.1173638141864,323.3556,323.5456
3187,OW1,72.6370572682172,109.51685236644846,324.3056,324.3756
3191,AY1,71.7049478011755,106.0367157428211,325.0356,325.1656
3193,EY1,72.64914025146535,132.08063788992882,325.2656,325.3656
3200,IH1,74.44465373322244,120.93342143891402,325.7356,325.8156
3206,AH1,68.6530429644439,84.4630736568092,326.1256,326.2056
3211,EH1,72.39078058918355,90.15788231987867,326.4456,326.5156
3218,AY1,72.74042038838884,95.20136096980744,326.8456,326.9456
3220,AA1,71.34315923792761,104.71145514601628,327.0856,327.1956
3226,AA1,74.74316450601115,110.58369706544954,327.8356,327.9456
3230,EY1,72.69021949620084,139.62887229640327,328.1856,328.2656
3234,IH1,73.10393156440817,107.56104390988824,328.4556,328.5056
3236,AY1,72.7429772102033,91.4310926517022,328.6256,328.6956
3238,AE1,72.47139575308735,90.20763222383476,328.7656,328.8056
3241,EY1,73.00082599290681,93.84858451022532,328.9556,329.1056
3247,AY1,71.81447017529719,84.28310025108763,329.4256,329.5156
3249,OW1,70.69281030890453,95.84030217563738,329.5856,329.7356
3252,AE1,72.19925735126715,101.26734909831906,329.9256,330.0756
3257,EH1,74.57702347248228,95.73900498349387,330.8256,330.8956
3263,AE1,70.87134933856584,105.72942490801259,331.8556,332.0356
3267,AY1,69.76806958227581,87.84459089541484,332.3256,332.4256
3269,AE1,66.4647861519824,77.59866870276396,332.4956,332.5256
3274,IH1,71.83846653510332,93.00278278803289,332.7856,332.8656
3280,EH1,72.97310300648678,99.27455230179635,333.2056,333.2756
3287,AY1,71.17923869211378,89.92871488946746,333.6456,333.7456
3289,AA1,71.55350781888271,97.76268919563395,333.8856,333.9956
3294,EH1,74.92528023606194,116.45270940301123,334.7556,334.8356
3299,AY1,73.32813773713782,104.607313147695,335.1156,335.1856
3301,EY1,71.26453543363822,94.86211512388327,335.2756,335.3656
3307,AW1,69.67076085173699,78.9997105341425,335.7156,335.8456
3311,AH1,66.72761992241298,90.65104097899032,336.0556,336.1456
3314,AY1,72.19933144129335,85.79535997933101,336.2856,336.3856
3316,OW1,71.38823866826372,87.0995178474904,336.4556,336.5556
3324,EH1,76.84881461624117,114.36248399025084,337.9256,338.0256
3327,AO2,69.82820887377333,81.34698517335384,338.2056,338.3456
3330,AY1,72.9386090758712,121.05170037398224,338.7356,338.8756
3332,UH1,76.68119928361878,151.8808789982372,339.0256,339.0656
3338,IY1,73.7231471758062,106.38131936316117,339.3456,339.4256
3340,UH1,72.50424533324956,100.93882187299232,339.5356,339.5756
3343,OW1,69.0102140807015,85.33348962087129,339.7356,340.0756
3346,AE1,73.17173997677622,83.83471167157147,340.3756,340.4156
3348,AE1,69.36923109333368,78.86369226336299,340.4656,340.6056
3353,AH1,72.54198181454346,103.7825143794782,340.8156,340.8656
3355,AO1,71.44982557684882,82.77851805228644,340.9256,341.0456
3359,AE1,73.39372805009857,83.17166110514441,341.1656,341.2056
3362,OW1,71.81993292608925,89.41233512889295,341.3956,341.4756
3365,OW1,71.14848111064364,86.52794783310455,341.6856,341.7456
3367,EH1,69.99813284850349,89.98909085945897,341.8356,341.8756
3371,AA1,70.65247275455025,97.36758090183045,342.0856,342.1556
3379,IH1,71.3926242994729,93.59438989975264,342.5656,342.6456
3382,AH1,70.86474067905043,86.0653146788399,342.8756,342.9156
3387,AY1,68.02368363316714,76.26625970545707,343.1356,343.2256
3389,AA1,71.28853502152415,93.22753221702955,343.3756,343.4656
3395,EY1,69.83419518959106,85.04893510086448,344.5656,344.8156
3401,ER1,75.96384608042982,120.44012098515466,345.3856,345.4356
3412,AH1,72.59517864706612,136.03145459558482,346.0356,346.0756
3421,UW1,71.31545499386823,100.67765428433906,346.6256,346.7356
3431,OW1,73.1440647875193,102.10088642988347,347.7956,347.9256
3435,IY1,72.08548936009754,90.84732335258289,348.1056,348.1756
3437,EH1,73.93172407585864,106.40610893749084,348.2656,348.3256
3441,AO1,73.32633060725313,108.3092592334527,348.5556,348.6656
3446,AH1,70.63233795462875,80.07622284152832,348.9256,348.9556
3451,IY1,70.0699312796605,97.38170841715352,349.2656,349.3656
3456,AE1,66.82858068001786,118.17187269428452,350.0656,350.1656
3462,AE1,74.60270565696331,150.20881098059917,350.4456,350.5356
3468,AA1,72.61915280665222,131.95801906762276,350.8756,350.9456
3473,AE1,66.99991570819529,90.19120489251111,351.2556,351.3856
3483,EH1,74.33936194195643,110.99292375210747,352.2656,352.3456
3485,AH1,72.07777658363145,109.54542040696677,352.4156,352.5056
3490,EH1,70.68083482556145,81.69888730333682,352.7456,352.8456
3496,ER1,74.26757499350146,120.30141536741836,353.2756,353.3156
3503,IH1,72.84677672905188,102.6047175505803,353.7256,353.7956
3507,IH1,69.07127995517146,85.97004170057208,354.0356,354.0856
3510,IY1,70.18833209932734,92.1745092431041,354.2356,354.2856
3512,AE1,71.65718638991605,81.00951563840023,354.3456,354.3756
3515,OW1,66.18744846131341,77.19161487541426,354.4856,354.5756
3518,IY1,73.43002990760192,111.60665479085344,354.7756,354.9156
3521,AE1,65.2504589724223,103.3699669506675,355.3056,355.3956
3525,ER1,70.6703397585592,106.52751743331983,355.5856,355.7656
3529,AE1,70.08823084178272,100.85153759924151,356.6556,356.7556
3532,IH1,72.42644205395257,99.71920690272154,356.8356,356.8856
3535,EY1,74.13534404409248,132.96547535807963,357.0456,357.1156
3538,UW1,71.57810607191153,101.86228594513227,357.2156,357.2956
3540,AE1,70.72913616923321,89.9807574799177,357.3656,357.6456
3548,UW1,73.76380490489639,111.16134769650557,358.2056,358.3456
3554,AA1,71.7953481602808,101.722277335563,358.6656,358.7656
3557,IH1,70.19192490514554,80.8772965792445,358.9356,359.0056
3563,AO1,72.39106570826695,99.95759670166159,359.4956,359.6256
3570,IH1,74.36355154196295,103.91300035478358,360.0156,360.0756
3574,IH1,69.55961599452587,105.01887891762152,360.3256,360.3656
3577,IY1,71.87974336646002,111.11568494019701,360.4856,360.5356
3579,EH1,71.55080598343292,92.36599287573382,360.6556,360.7356
3584,AY2,71.67381591309888,94.27475274198095,361.0156,361.1356
3586,AH1,72.12003307850435,98.93835443825485,361.1856,361.2656
3589,EH1,66.67588348580792,146.61031829316465,361.3756,361.4756
3593,AO1,75.274170308265,120.56035093698446,362.5356,362.5856
3596,IY1,73.15619893193866,111.72367611657971,362.7056,362.7556
3599,UW1,73.07805676323275,130.61570875186302,362.9456,363.0156
3603,EH1,71.73927692701336,126.73771858141406,363.2656,363.3256
3608,AY2,69.64629804772846,79.4768661514168,363.6356,363.7756
3613,EH1,69.91024593649205,79.64635662364005,363.9956,364.0556
3616,IH1,72.26304174348226,102.4401742615685,364.1956,364.2556
3624,AE1,62.2315996542078,100.43330740110034,364.7356,364.8356
3628,EH1,72.53040956538516,95.59037528056132,364.9656,365.0256
3632,AA2,71.0976767439661,80.12961509493725,365.2456,365.3256
3636,EY1,71.03844788588066,85.62858316547711,365.5156,365.6056
3642,AE1,68.8553980563283,123.14718225201024,366.6356,366.7256
3646,IY1,72.34400213449146,119.79332309051522,366.8356,366.9056
3648,EH1,73.34919128062009,168.49001505330787,367.0156,367.0856
3653,AY2,72.56040964418067,97.94579687353922,367.3856,367.5256
3661,IH1,75.55987445085111,121.950990084204,367.9556,368.0056
3665,IH1,70.82674026363436,96.13586613563568,368.2456,368.2956
3668,IY1,71.87090756341425,98.05236378847984,368.4156,368.5056
3670,AO1,72.81244926269993,105.48562027866429,368.6456,368.8656
3675,ER1,71.06215481078904,88.50999500326488,369.1456,369.3056
3688,IH1,74.36141320305214,97.79931867789836,370.4956,370.5556
3692,IH1,70.25534747217061,93.9023276567366,370.7756,370.8156
3695,IY1,73.75062966975351,98.86214842720368,370.9356,370.9956
3697,EH1,72.59236615769348,90.7086011624632,371.0956,371.1356
3704,UH1,72.53989670793328,93.44175731863919,371.4656,371.5856
3708,AE1,73.69611369618676,87.04525938142606,372.2756,372.3456
3712,EH2,73.8047050211607,102.97116136452885,372.5656,372.6356
3719,EY1,74.68107586034695,132.10865768629446,373.0356,373.1256
3724,AH1,63.35438270648575,82.58591340298247,373.4356,373.5456
3729,AH1,72.6644645520171,125.7342638992954,373.8456,373.9056
3733,AH1,69.34183860223314,114.98586362165112,374.1556,374.2256
3739,AY1,72.62773627994164,107.51477578289571,374.6256,374.7756
3745,AO1,71.23618114450404,78.4539036441491,375.5156,375.5656
3754,EH1,74.98777378734958,109.39941019076565,376.1156,376.1956
3760,AH1,60.40373095150488,79.07590532865842,376.5956,376.7156
3765,ER1,70.18740195665787,84.89216211821426,376.9856,377.1356
3774,EH1,74.1109427670659,112.48852837003962,378.4356,378.4856
3779,UW1,72.13901212248673,90.24142852268365,378.7956,378.9956
3782,ER1,73.17645471869528,110.70488776554245,379.1856,379.2756
3785,IY1,71.16471390854994,81.95760825748383,379.3956,379.4856
3788,IH1,69.64529610239866,84.02096790902188,379.6756,379.8056
3793,EY1,71.46490391644689,104.4918572846833,380.3656,380.4456
3796,AE1,70.84030668913013,134.21191609978223,380.6456,380.7656
3805,IH1,68.20683199770406,85.51006469372572,381.3056,381.3956
3809,EY1,71.93878539183137,94.1472808687969,382.0856,382.3956
3811,IY1,72.79889870818386,143.92772762242205,382.6656,382.8356
3815,EH1,71.65337638692418,117.974074384755,383.0256,383.1156
3824,AA1,72.21026057863723,91.30976671249991,383.6756,383.7856
3829,AH1,73.49708660597544,100.45519984676193,384.0456,384.0956
3831,OW1,73.5792599569765,108.60401927802583,384.1856,384.2456
3836,UW1,75.28551673893051,103.83204084227904,384.9556,385.0356
3839,EY1,72.19980969481898,95.48976269796715,385.1456,385.2756
3841,AE1,73.30897203640883,81.50993997280173,385.3256,385.3556
3844,AE1,71.0530252347864,81.06978951440774,385.5156,385.6356
3847,AW1,71.97710105402386,97.8739209257236,385.7856,385.9556
3850,AE1,62.34508101361517,80.14257022709907,386.2356,386.3556
3855,OW1,73.97473759919457,111.71554156981472,386.6256,386.7856
3859,AE1,63.89386094640673,104.40016771379285,387.2656,387.3456
3864,EY1,70.51611012314189,88.6515295810706,387.6856,387.8256
3871,EY1,71.67401959992833,77.87791862529618,388.8756,389.0056
3872,AO1,72.09755510933489,82.78735664887044,389.0056,389.0656
3877,AO1,70.74734823119441,85.33640492929412,389.4956,389.6256
3880,IH1,73.11907807271724,113.35735134703523,389.7956,389.8656
3890,EY1,73.83123645839893,107.0629068265648,390.8256,390.8956
3892,AY1,71.99087181018011,87.6420824338948,391.0056,391.1356
3896,EY1,69.70608763866211,80.58354640475036,391.3756,391.4556
3902,EY1,62.16287517955806,78.44194257808856,391.7656,392.0056
3905,AH1,75.43768628275915,119.75409900842871,392.8956,392.9756
3910,OW1,72.7424254377558,107.99930057787047,393.2656,393.3456
3914,AY1,71.015498362308,110.58908164171379,393.7756,394.2156
3917,EH1,70.07427504911215,82.69549612847298,394.3356,394.4656
3925,OW1,73.18152627060196,127.77371160110599,395.5556,395.6956
3926,AH1,73.25132480913422,138.66899678843566,395.6956,395.7356
3931,UW1,69.69328953323928,77.95553274665512,396.0656,396.2156
3938,EH1,71.9577533419804,148.40443548833164,396.6456,396.6956
3943,ER1,72.56372170341325,119.91863762349853,397.0256,397.1456
3950,AH1,68.01162005874163,87.7108174425397,397.5756,397.6356
3952,AO1,71.39230959894826,102.74111613996666,397.7256,397.8556
3956,AA1,72.51521893158656,115.09776600674235,398.2556,398.3656
3958,OW1,75.22065452807696,126.49367138973022,398.4856,398.5656
3961,AO1,72.00405340688866,134.11089701950033,398.7656,399.0056
3964,OW1,67.44323274624492,81.6286844672282,399.1556,399.3456
3967,UW1,70.59997709709486,102.21305183339315,399.5056,399.5856
3970,IY1,73.3738533648094,113.24158216838612,399.7356,399.8356
3972,AE1,72.58125283396532,114.54092188375436,399.9056,399.9456
3975,OW1,73.2318102812644,105.9116300940224,400.1656,400.2756
3983,AA1,72.03948386709678,143.6415837787729,401.3056,401.4056
3988,EH1,73.42805897499238,101.12918519411845,401.6756,401.7256
3991,EY1,69.76758894245268,113.06495703726495,401.9856,402.1456
3995,UW1,74.20085065321172,105.1756549596827,402.8956,402.9556
3997,EY1,72.96633055865826,101.45733107520472,403.0456,403.1456
4003,AY1,72.47710879119589,102.37869477816037,403.4956,403.6556
4007,IY1,71.83521772259026,130.02967257226436,404.3556,404.5356
4011,AH1,69.41336737541425,96.22436061148987,404.7656,404.9056
4018,AW1,72.35069099864259,106.74499478191575,405.3856,405.5556
4021,AH1,65.13468200319667,75.42345933180745,405.7756,405.8656
4026,IH1,71.13186069784332,93.47922455471868,406.1056,406.1456
